{"1": {"top_boundary": 0, "bottom_boundary": 13, "data_start": 5, "data_end_confidence": 0.5224123611765388, "fdl_confidence": {"avg_majority_confidence": 0.9786323074912059, "avg_difference": 0.6149764468216068, "avg_confusion_index": 0.32044051917201105, "softmax": 0.7580216667540599}, "header": [4], "data_end": 11, "footnotes": [12, 13], "subheader_scope": {}, "aggregation_scope": {}}}